Date,close,high,low,open,volumefrom,volumeto,HT_DCPERIOD,HT_DCPHASE,HT_PHASOR_inphase,HT_PHASOR_quadrature,HT_SINE_sine,HT_SINE_leadsine,HT_TRENDMODE,ADX,ADXR,APO,AROON_down,AROON_up,AROONOSC,BOP,CCI,CMO,DX,MACD,MACD_signal,MACD_hist,MFI,MINUS_DI,MINUS_DM,MOM,PPO,ROC,RSI,STOCH_k,STOCH_d,STOCHF_k,STOCHF_d,STOCHRSI_K,STOCHRSI_D,TRIX,ULTOSC,WILLR,BBANDS_upper,BBANDS_middle,BBANDS_lower,DEMA,EMA,HT_TRENDLINE,KAMA,MA,MIDPOINT,WMA,SMA,CDL2CROWS,CDL3BLACKCROWS,CDL3INSIDE,CDL3LINESTRIKE,WCLPRICE,BETA,CORREL,STDDEV,TSF,VAR,ATR,NATR,TRANGE,AD,ADOSC,OBV,wallet_first_symbol,wallet_second_symbol
2019-03-14 00:00:00+00:00,0.3113,0.3165,0.3059,0.3133,52545172.7,16366831.35,15.62510413666408,69.30643996655185,-0.0008865492109422632,-0.000520322057769493,0.9354837550055035,0.9113570172324218,0,10.121699518084723,11.852711190277581,-0.003416025641025444,28.571428571428573,92.85714285714286,64.28571428571429,-0.18867924528301908,-26.065162907268615,-1.7866622902411815,7.50722552862321,-0.0004770199474177228,-0.0002874522780813352,-0.0001895676693363876,45.70309628561206,16.914094168997106,0.0325025085467653,0.009200000000000041,-1.0851150478516987,3.045349222111904,49.106668854879416,33.510489421523516,36.25666995103638,27.41116751269044,33.510489421523516,71.22746621540205,63.08689587356706,-0.1396349334337188,43.83840982642998,-50.530035335688986,0.31425764604017664,0.31154000000000004,0.30882235395982344,0.3102553569381905,0.3128222077503937,0.31212283333333335,0.3128109066250186,0.3130766666666668,0.30920000000000003,0.3132189247311826,0.3130766666666668,0,0,0,0,0.31125,0.012958791624566495,0.4169484699200679,0.0013588230200882918,0.3112791208791208,1.846399999921866e-06,0.01372608898225912,4.409280109945107,0.010599999999999998,-480327059.33995765,-22777655.493879378,-194519774.2,10,1
2019-03-15 00:00:00+00:00,0.3147,0.3168,0.3107,0.3113,39228182.5,12306520.14,15.603576783241483,87.04132068966997,0.0001812750798247572,-0.0005332057284520203,0.9986670188098943,0.7426620672579651,0,9.965182534994069,11.343640349084897,-0.003558333333333108,21.42857142857143,85.71428571428572,64.28571428571429,0.5573770491803165,58.36734693877496,2.7928161810888277,7.93046175481554,-0.0002312890699259773,-0.0002762196364502636,4.4930566524286296e-05,42.51721882319525,16.35498510317676,0.03018090079342492,0.0,-1.1287338091461085,0.0,51.39640809054441,35.78145872294957,35.002658107008635,44.6700507614212,35.78145872294957,99.80260917120192,69.76248010950067,-0.13397114391192622,47.11427095233311,-38.51590106007075,0.3155573214241829,0.3119,0.3082426785758171,0.3106554399978256,0.31294335563746506,0.312053125,0.3128288825202031,0.3134400000000001,0.30920000000000003,0.3133236559139783,0.3134400000000001,0,0,0,0,0.314225,0.03538323745936449,0.3929440912896753,0.0018286607120914567,0.3127461538461537,3.343999999946834e-06,0.013181368340669186,4.188550473679436,0.00610000000000005,-468108445.11864656,-16634298.646891475,-155291591.7,10,1
2019-03-16 00:00:00+00:00,0.3187,0.323,0.3146,0.3147,57607912.9,18366401.95,15.477204430430415,124.21189197470429,-0.001015824830246222,-0.0011660925359052304,0.8269638937436089,0.1871774327919286,0,10.427698180364137,11.254187070378073,-0.0020519230769228125,14.285714285714286,78.57142857142857,64.28571428571429,0.47619047619047555,159.43060498220552,8.035014108102414,16.440401570175023,0.000282959213806,-0.00016438386639901087,0.0004473430802050108,50.0304252454189,15.5907131780538,0.02802512216532314,0.0023999999999999577,-0.6511417865816352,0.7587733164716948,54.01750705405121,45.68527918781723,38.325742444096825,64.97461928934,45.68527918781723,100.0,75.26021099868237,-0.12797733056642002,46.11927990353198,-24.38162544169618,0.31955725359805376,0.31366,0.30776274640194623,0.31152187922067864,0.3133147520479512,0.31213437499999996,0.3129113116966858,0.31403666666666674,0.3104,0.31366301075268804,0.31403666666666674,0,0,0,0,0.31875,0.0526381974068343,0.3574896754411352,0.0029486267990268765,0.31506923076923077,8.694399999939484e-06,0.012839842030621388,4.028817706501848,0.008400000000000019,-469480062.09245634,-13045321.824164033,-97683678.79999998,10,1
2019-03-17 00:00:00+00:00,0.3154,0.3189,0.314,0.3187,32882750.9,10390016.73,15.314774159125449,139.184142344335,-0.00118460758776359,0.0018589884592877322,0.6536300911981289,-0.07296216929068672,0,10.77782333537593,11.545120015016021,-0.0017243589743587417,7.142857142857143,71.42857142857143,64.28571428571429,-0.6734693877550937,80.0928148503763,3.095400537144677,15.329450350529235,0.0004193878211309898,-4.762952889301073e-05,0.0004670173500240006,50.09300944757461,15.49529403414881,0.026623327724942907,0.0023000000000000242,-0.5476629653607525,0.7345895879910636,51.54770026857234,52.62267343485613,44.69647044854103,48.223350253807155,52.62267343485613,79.26448259154952,75.98826037920367,-0.12202398031280204,44.960962582686726,-36.04240282685508,0.31957963263927325,0.31467999999999996,0.30978036736072667,0.3118979331952226,0.3134492841738898,0.3122502916666666,0.3129386339998411,0.31448666666666675,0.3104,0.31375096774193534,0.31448666666666675,0,0,0,0,0.315925,0.08320709821395919,0.28173803692377686,0.0024498163196366323,0.31581318681318693,6.001599999957974e-06,0.012272710457005577,3.8911574055185723,0.0049000000000000155,-483572669.62102765,-14875177.1717605,-130566429.69999999,10,1
2019-03-18 00:00:00+00:00,0.3145,0.32,0.3114,0.3154,45204480.1,14244379.18,15.149461191025857,149.84417505845366,0.00042555891546045075,0.0028170927591111097,0.5023534411282427,-0.256191102980867,0,10.75179035868479,11.37372899561434,-0.0012205128205126092,0.0,64.28571428571429,64.28571428571429,-0.1046511627906991,52.425828970332205,1.7292842039402785,10.413361661699968,0.00044970211095962664,5.183679907751676e-05,0.0003978653118821099,50.4849277450545,16.249059872905143,0.027321661458875546,0.006699999999999984,-0.3884461744987677,2.176738141650425,50.86464210197015,54.49678906798863,50.93491389688739,50.29239766081868,54.49678906798863,61.06678134936836,73.27526419196089,-0.11621653896827233,44.65039255244356,-44.758064516129046,0.31963999999997267,0.31492,0.3102000000000273,0.312129223163808,0.31351707229170334,0.31241620833333333,0.31295598466322283,0.31494333333333346,0.31325000000000003,0.3137518279569891,0.31494333333333346,0,0,0,0,0.3151,0.3341488730938512,0.21716468695399357,0.0023599999999863474,0.31457582417582425,5.5695999999355594e-06,0.012010373995790894,3.8188788539875653,0.008599999999999997,-496187873.36986494,-18285393.99115634,-175770909.79999998,10,1
2019-03-19 00:00:00+00:00,0.3159,0.3166,0.3125,0.3145,37347259.5,11738263.83,15.030864734875536,146.2870079662219,0.0010309982010122867,0.002160457359728807,0.5550330619123875,-0.19572378114013567,0,10.72761688032873,11.035306920558257,-0.0008025641025637964,0.0,57.142857142857146,57.142857142857146,0.34146341463415,37.21926250913999,3.863348954392065,10.413361661699948,0.0005800087242331942,0.00015747118410865222,0.00042253754012454194,43.20185907387156,15.833282702366464,0.025370114211813007,0.0020000000000000018,-0.25557801049248213,0.6371455877667964,51.93167447719603,46.93072355961791,51.35006202082095,42.27642276422784,46.93072355961791,75.02466249880682,73.59333661138741,-0.11044889037551409,44.86429898876117,-47.08737864077661,0.3188694553965503,0.31584,0.3128105446034497,0.3125163178265813,0.31367080956320637,0.3128826666666667,0.31298698728286817,0.31536666666666674,0.31325000000000003,0.3138135483870966,0.31536666666666674,0,0,0,0,0.315225,0.32227696302304887,0.1300093459234218,0.0015147276982751656,0.31554505494505497,2.294399999921981e-06,0.011445347281805828,3.6230918904102016,0.0040999999999999925,-471593336.62596214,-10192639.726835012,-138423650.29999998,10,1
2019-03-20 00:00:00+00:00,0.3178,0.3227,0.3115,0.3159,58607450.4,18523982.34,15.007743614677798,153.19557471819655,0.001961561883874156,0.003625805426393995,0.4509464788687757,-0.3122615457884229,1,11.37023160263631,11.053588612682425,0.0001576923076926917,14.285714285714286,50.0,35.714285714285715,0.16964285714285848,101.62650602409641,6.8207678865396595,19.724222992634843,0.000827057965695599,0.00029138854042604155,0.0005356694252695574,42.55142808253354,14.724867092486862,0.023557963196683507,0.0049000000000000155,0.05023771014078794,1.5659955257270708,53.410383943269835,49.247078072716725,50.22486356677448,55.1724137931036,49.247078072716725,94.2817682244929,77.35486963195204,-0.10459273012065617,48.369666909798084,-37.86407766990277,0.3195702411481417,0.3164600000000001,0.31334975885185845,0.31310641287349694,0.3139372089462253,0.31329733333333337,0.3130162253024368,0.31523000000000007,0.31325000000000003,0.31397053763440835,0.31523000000000007,0,0,0,0,0.31745,0.13621785915698648,0.15383269262028684,0.0015551205740708166,0.3172989010989011,2.4183999998983463e-06,0.011427822475962553,3.5959164493274236,0.011199999999999988,-464267405.32596177,-3624385.7753548026,-79816199.89999998,10,1
2019-03-21 00:00:00+00:00,0.3096,0.3191,0.29,0.3178,65432760.2,20343228.3,14.995026142869097,173.4251578943776,0.004494261088193231,0.0012816381493827558,0.11450096127697074,-0.6214918308522535,0,11.568430486429365,11.186228614465612,0.000660897435897756,100.0,42.85714285714286,-57.142857142857146,-0.2817869415807573,-171.84409540430673,-6.541699912329767,14.145015975739112,0.0003570588475741432,0.0003045226018556619,5.2536245718481315e-05,41.68803259161808,24.414764043528947,0.04337525153977756,-0.00030000000000002247,0.21112858570479254,-0.09680542110358514,46.72915004383512,52.46255815927359,49.546786597202804,59.9388379204893,52.46255815927359,13.274217182319589,65.70384191383705,-0.09939358313119095,54.24083712351523,-44.94382022471912,0.32012248119007475,0.3146400000000001,0.3091575188099254,0.31261842565493514,0.31365738901421075,0.3133873333333333,0.3129787453483706,0.31480333333333343,0.31325000000000003,0.31360731182795676,0.31480333333333343,0,0,0,0,0.307075,0.6379347426995732,0.050406944770712475,0.002741240595037322,0.3160978021978023,7.514399999880572e-06,0.012690120870536658,4.098876250173339,0.029100000000000015,-441557065.8751027,6618133.918738127,-145248960.09999996,10,1
2019-03-22 00:00:00+00:00,0.3104,0.3126,0.3064,0.3096,39638066.0,12287499.34,15.000569479184751,200.84011233852067,0.003375294051538471,-0.003589781776932978,-0.35576133966118123,-0.9124068766119268,0,11.752472307094347,11.157356393470007,-3.974358974323522e-05,92.85714285714286,35.714285714285715,-57.142857142857146,0.12903225806452018,-85.49707602339154,-5.1595959790362524,14.145015975739106,4.857453739270934e-05,0.00025333298896307137,-0.00020475845157036203,48.05195787255714,23.530429180611623,0.040277019286936305,9.999999999998899e-05,-0.012676447977380096,0.03222687721560202,47.42020201048187,59.16552427150348,53.62505350116465,62.3853211009175,59.16552427150348,9.840690211292067,55.54690524064706,-0.09470191365467118,54.86164925868607,-42.6966292134831,0.3199627841968215,0.3136400000000001,0.30731721580317867,0.31227870562014826,0.3134472348842617,0.31331466666666674,0.31293255826853483,0.31410000000000005,0.31415,0.31332322580645144,0.31410000000000005,0,0,0,0,0.30995,-0.6136988588322568,-0.013445545544883787,0.0031613920984106983,0.3143087912087912,9.9943999998936e-06,0.012226540808355465,3.9389628892897757,0.006199999999999983,-430049240.2621993,13868187.950541914,-105610894.09999996,10,1
2019-03-23 00:00:00+00:00,0.3118,0.3126,0.3088,0.3104,34869107.2,10837265.91,15.04060236266794,225.48129080295004,0.0008995189835069635,-0.003988805210516331,-0.7130215382617943,-0.999964719290414,0,11.923368283426115,11.130546473974086,0.0007147435897438825,85.71428571428572,28.571428571428573,-57.142857142857146,0.3684210526315851,-47.85615491009645,-2.650005883174374,14.145015975739096,-8.198809351744885e-05,0.0001862687724669673,-0.00026825686598441615,46.196697142408624,22.981002462660364,0.037400089337869424,-0.0015000000000000013,0.22840591110410324,-0.4787743376954978,48.674997058412806,62.99694189602454,58.208341442267255,66.66666666666677,62.99694189602454,27.440325012043896,50.436617926355574,-0.09033945869402205,56.03857850544161,-38.764044943820146,0.319497499511493,0.3131000000000001,0.3067025004885072,0.31214840450491793,0.31334096166592224,0.3132986666666667,0.3129222650409154,0.3138033333333334,0.31415,0.3131748387096773,0.3138033333333334,0,0,0,0,0.31125,-0.5451250062900308,-0.09914361867229819,0.003198749755746436,0.31390659340659344,1.0231999999887886e-05,0.011624645036330072,3.7282376639929673,0.00379999999999997,-409861862.40956724,21996631.375704408,-70741786.89999996,10,1
2019-03-24 00:00:00+00:00,0.3079,0.3119,0.3047,0.3118,33983936.3,10480403.32,15.04885221093334,254.30704345155317,-3.668498953558688e-05,-0.002249071641204169,-0.9627250044493912,-0.8720091053629914,0,12.469173997864186,11.41215776618445,0.0008493589743593377,78.57142857142857,21.42857142857143,-57.142857142857146,-0.5416666666666698,-95.8240672102793,-9.154011287505813,19.564648285559123,-0.0004944575269255069,5.012351258847246e-05,-0.0005445810395139794,46.76739229699363,24.525585408975957,0.03882865438516446,-0.003400000000000014,0.27171461147898196,-1.0921940250562256,45.422994356247095,61.26401630988796,61.14216082580538,54.74006116207958,61.26401630988796,0.0,41.26632375792729,-0.0866034227157586,57.11546425476762,-49.71910112359546,0.31828586766740424,0.3115000000000001,0.304714132332596,0.31154593118969587,0.31298993188102403,0.313138,0.3128622435259124,0.3133633333333334,0.3133,0.31279397849462354,0.3133633333333334,0,0,0,0,0.30810000000000004,-0.5438530830567655,-0.09579806779970707,0.0033929338337020786,0.31228351648351654,1.1511999999880285e-05,0.011308598962306493,3.6728155122788215,0.007199999999999984,-413637855.33178955,22120757.63113612,-104725723.19999996,10,1
2019-03-25 00:00:00+00:00,0.3031,0.308,0.3,0.3079,46188091.6,14061690.3,14.956203945814138,281.6540185510838,0.00014520608120899777,-0.0034581339744604025,-0.9793852376871143,-0.5496933996682122,1,13.391360109910009,11.88133722612788,0.0002916666666670231,71.42857142857143,14.285714285714286,-57.142857142857146,-0.6000000000000028,-155.0118051083923,-16.544313704960363,25.37977956650571,-0.0011948884787189584,-0.00019887888567301373,-0.0009960095930459448,47.1365772339999,26.29188746421679,0.040755179071938465,-0.0116,0.09339310492059659,-3.686050206545921,41.72784314751982,55.47463665311019,59.911864953007615,45.017182130584175,55.47463665311019,0.0,33.763355801940506,-0.08380782425619904,56.963290993129014,-63.20224719101126,0.3145741167264725,0.30856000000000006,0.3025458832735276,0.3104041374510273,0.31235187175966767,0.312792,0.3125928951604383,0.31240000000000007,0.31089999999999995,0.31213182795698907,0.31240000000000007,0,0,0,0,0.30355,-1.7163932916309526,-0.15086098317809196,0.0030070583632362323,0.30892637362637365,9.042399999908968e-06,0.011072270464998885,3.6530090613655184,0.008000000000000007,-424030175.9417897,16853911.120527565,-150913814.79999995,10,1
2019-03-26 00:00:00+00:00,0.303,0.3038,0.294,0.3031,44051325.7,13187275.54,14.712820435959859,303.67474683364486,-0.002467053423918409,-0.005639299266860807,-0.8321985894947515,-0.19637833198891178,1,14.729542164675863,12.526177533282658,1.923076923110445e-05,64.28571428571429,7.142857142857143,-57.142857142857146,-0.010204081632651905,-172.03252032520282,-16.696355819491046,32.12590887663197,-0.001738019412702796,-0.0005067069910789702,-0.0012313124216238257,46.47108253068003,28.518655363509808,0.043844094852514295,-0.015699999999999992,0.00616606444781309,-4.926262943206772,41.65182209025447,49.38144668895245,55.37336655065025,48.38709677419358,49.38144668895245,0.0,27.62456383795132,-0.08180398535272415,59.861971572872385,-63.48314606741572,0.31452461392247866,0.30724000000000007,0.2999553860775215,0.30936203018357217,0.31174852519452784,0.3123586666666667,0.31251818419636557,0.31258000000000014,0.31084999999999996,0.31152537634408584,0.31258000000000014,0,0,0,0,0.30095,-1.7554502730062895,0.23266996255487873,0.0036423069612392927,0.30583516483516493,1.3266399999892209e-05,0.010981394003213253,3.624222443304704,0.009800000000000031,-387170903.4173001,24895068.703931868,-194965140.49999994,10,1
2019-03-27 00:00:00+00:00,0.3101,0.311,0.3005,0.303,53651443.4,16463933.07,14.440160444036394,-27.504226771575077,-0.00494706014517891,-0.0018493616491963847,-0.4618140477262861,0.30063544195593783,1,14.984869808896432,12.553284663490578,-0.00015256410256381248,57.142857142857146,0.0,-57.142857142857146,0.6761904761904751,-57.95372378886526,-2.428122215489658,18.304129183763816,-0.001577361091320284,-0.000720837811127233,-0.000856523280193051,44.57421816607546,26.564774612983378,0.04071237379162042,-0.005300000000000027,-0.048950646230707155,-1.6804058338617756,48.78593889225517,59.987806229907996,54.947963190656935,86.55913978494623,59.987806229907996,55.072687568566835,32.61513178897232,-0.07985281154903046,64.6756263835778,-39.09090909090913,0.3143637594614144,0.3071800000000001,0.2999962405385858,0.30931014638267307,0.31164216873036477,0.31200276190476195,0.31246005039418784,0.3120066666666668,0.31084999999999996,0.31136537634408584,0.3120066666666668,0,0,0,0,0.307925,1.1073756223501363,0.5431539267616452,0.003591879730707162,0.30554065934065927,1.2901599999864954e-05,0.01094700871726945,3.530154375127201,0.01050000000000001,-342716850.3144431,40065916.547694325,-141313697.09999993,10,1
2019-03-28 00:00:00+00:00,0.306,0.3101,0.3042,0.3101,32778593.1,10049847.5,14.357713905637434,-8.923553520526752,-0.0035764562802116746,-9.618041189224186e-05,-0.1551165101627976,0.5888641538577555,1,15.221959764244103,12.593571149619086,-0.0009108974358971178,50.0,14.285714285714286,-35.714285714285715,-0.6949152542372915,-56.0135708227311,-9.322906741891133,18.30412918376381,-0.0017605790891964124,-0.0009287860667410689,-0.0008317930224553435,46.02795052275089,25.507274409435603,0.03780434709221896,-0.008500000000000008,-0.29254574501365016,-2.7027027027027084,45.33854662905443,67.3284475681304,58.89923349566367,67.03910614525135,67.3284475681304,26.424948598258784,31.489643936115314,-0.07829340915973537,62.37428094212332,-51.515151515151516,0.3115211271571867,0.30602000000000007,0.3005188728428134,0.3087560622389822,0.3112781578445348,0.3116585714285715,0.31236115956868843,0.31165333333333345,0.31084999999999996,0.31097784946236545,0.31165333333333345,0,0,0,0,0.30657500000000004,1.0619794088955892,0.5255666262688754,0.0027505635785933314,0.3038285714285712,7.565599999884154e-06,0.010586508094607344,3.459643168172335,0.005899999999999961,-355494945.9296976,38564058.73822576,-174092290.19999993,10,1
2019-03-29 00:00:00+00:00,0.3077,0.3104,0.3048,0.306,50981182.3,15664887.34,14.421715699959009,8.067960262073484,-0.004141974845008362,-0.001459189029596508,0.14034758977780673,0.7993487791320005,0,15.399612066048102,12.91365512320612,-0.0014217948717946127,42.85714285714286,7.142857142857143,-35.714285714285715,0.3035714285714252,-37.82288734133439,-5.978914582935361,17.70909198950009,-0.001748449838652688,-0.0010927188211233927,-0.0006557310175292954,46.951792864717255,24.50994779411212,0.03510403658563189,-0.00820000000000004,-0.45681850011937325,-2.5957581513137207,47.01054270853231,78.06216040810504,68.45947140204787,80.58823529411752,78.06216040810504,39.786803387088185,32.998218381746746,-0.0769097026120713,61.508964177621586,-46.36363636363643,0.3114285227355227,0.3059800000000001,0.3005314772644775,0.3084719737750905,0.311047308951339,0.31127538095238105,0.3123298539102831,0.31155333333333346,0.31084999999999996,0.3107227956989245,0.31155333333333346,0,0,0,0,0.30765,1.0519220034345567,0.5492002252693038,0.0027242613677613023,0.3033747252747252,7.421599999876682e-06,0.010230328944992534,3.3247737877778794,0.005599999999999994,-353674189.418984,35023170.45701331,-123111107.89999993,10,1
2019-03-30 00:00:00+00:00,0.3111,0.3183,0.3069,0.3077,64271679.6,20090631.37,14.495786336250976,23.794150163775555,-0.005350935728524401,-0.00013262410986296657,0.4034518778710256,0.9322868748843802,0,14.515012902711216,12.646418119043574,-0.0020512820512817442,35.714285714285715,0.0,-35.714285714285715,0.2982456140350884,38.46455150803003,0.5716536602737727,3.015223779331701,-0.001447796439068283,-0.0011637343447123707,-0.00028406209435591226,47.40569295657461,22.574863059390307,0.0325966054009439,-0.006700000000000039,-0.6583386823350286,-2.1082441787287687,50.285826830136884,72.66590393657971,72.68550397093844,70.37037037037027,72.66590393657971,69.18129979229069,39.5769604563911,-0.0753784850182404,57.45304600834975,-35.47400611620794,0.3133922628983483,0.3075800000000001,0.30176773710165183,0.30864470395903093,0.31105070837383325,0.31082071428571434,0.3123218327612973,0.3114600000000001,0.3104,0.31069354838709656,0.3114600000000001,0,0,0,0,0.31184999999999996,0.6631682857993302,0.5503524466324534,0.00290613144917413,0.3048263736263735,8.445599999878928e-06,0.010313876877493069,3.315293113948271,0.011400000000000021,-370587789.3137211,25009100.69755435,-58839428.29999993,10,1
2019-03-31 00:00:00+00:00,0.3089,0.3117,0.3072,0.3111,31232291.7,9665148.18,14.580304519077146,32.99954010360851,-0.005314980062734668,0.004587916684470915,0.5446323032351931,0.9781459318562276,1,13.693599393898394,12.222694876291591,-0.0024115384615381874,28.571428571428573,21.42857142857143,-7.142857142857143,-0.48888888888888393,-0.13356229727179514,-3.5812279596965646,3.0152237793317007,-0.0013712412520540673,-0.00120523572618071,-0.00016600552587335733,47.58219403670132,21.841804838030153,0.03026827644373362,-0.0006999999999999784,-0.774513921486188,-0.22609819121446328,48.20938602015172,66.04987230014761,72.25931221494419,47.19101123595506,66.04987230014761,52.11301630657164,41.85624333824211,-0.07391072621432127,57.64558312082075,-42.20183486238525,0.3123412846856246,0.3087600000000001,0.30517871531437557,0.30853137125232727,0.3109119529948763,0.3104824761904762,0.3122853915821691,0.3112366666666668,0.3104,0.31052838709677394,0.3112366666666668,0,0,0,0,0.309175,0.2723788058987112,0.5202680571100721,0.0017906423428122535,0.30531978021978035,3.206399999872156e-06,0.009898599957672135,3.2044674514963205,0.004500000000000004,-378222349.507054,16209702.943755686,-90071719.99999993,10,1
2019-04-01 00:00:00+00:00,0.3125,0.3145,0.3074,0.3089,42415492.7,13226550.44,14.6856695640939,50.007453920762934,-0.0012806311184021485,0.007422967870329655,0.7661280603855972,0.9961833510951648,0,12.859255370589802,11.793436125459266,-0.0027070512820510095,21.42857142857143,14.285714285714286,-7.142857142857143,0.507042253521126,49.97588036661863,3.444864209872252,2.012783067578085,-0.0010084559488143796,-0.001165879770707444,0.0001574238218930643,54.561082174440365,20.69969515842908,0.028106256697752647,0.0020999999999999908,-0.8698320892447258,0.6765463917525638,51.722432104936125,58.80887661109182,65.8415509492731,58.865248226950165,58.80887661109182,82.28403085984712,49.206750160352115,-0.07218763875618261,61.17985825183777,-31.192660550458665,0.31389377266306634,0.30924000000000007,0.3045862273369338,0.3088832564850566,0.31101440764036814,0.31021842857142856,0.3122865008398795,0.31119333333333343,0.3104,0.31060989247311804,0.31119333333333343,0,0,0,0,0.31172500000000003,0.06448894702724992,0.512188098323544,0.0023268863315331276,0.3068978021978021,5.414399999875696e-06,0.009698699960695554,3.1035839874225775,0.007099999999999995,-359702909.0324061,17028889.20061189,-47656227.29999992,10,1
2019-04-02 00:00:00+00:00,0.3505,0.3557,0.3115,0.3125,240704277.6,80055321.7,14.921660332467056,82.72614403256244,0.0012422410370053786,0.003950368654851519,0.9919523188380126,0.7909444111563192,1,15.136945198080806,13.253588400358558,-0.0007371794871792181,14.285714285714286,100.0,85.71428571428572,0.8597285067873295,354.26892426068036,45.48229317336055,44.74691295546385,0.00231860895769892,-0.0004689820250261711,0.002787590982725091,70.90461101367377,15.326699069874467,0.02609866693362746,0.03869999999999996,-0.23578135892065033,12.411802437459896,72.74114658668027,65.28004981441958,63.37959957521972,89.78388998035356,65.28004981441958,100.0,58.44188649483355,-0.06703159729020136,68.99700478281875,-7.9147640791476945,0.35067197811384077,0.3181400000000001,0.2856080218861594,0.3139513131497654,0.3135618652119573,0.31104738095238094,0.31434863850678135,0.31250666666666677,0.32675,0.31314580645161266,0.31250666666666677,0,0,0,0,0.34204999999999997,0.08637465127841075,0.42255847218090387,0.01626598905692033,0.31964505494505513,0.000264582399999852,0.012163078534931588,3.4702078559005956,0.04420000000000002,-175634932.04417118,74383013.60189033,193048050.30000007,10,1
2019-04-03 00:00:00+00:00,0.3402,0.3705,0.3235,0.3505,297781954.3,105930626.74,15.260361008873495,108.34855740236037,0.0011218375334511531,0.004002064820864729,0.9491590323367924,0.4485617171151275,1,17.821679843511667,14.695055164970515,0.000500000000000278,7.142857142857143,100.0,92.85714285714286,-0.2191489361702123,255.23677936714265,29.07820830788504,52.72323023411285,0.004077208426246981,0.00044025606522845933,0.0036369523610185217,77.88525307562028,11.814817485276086,0.024234476438368357,0.032299999999999995,0.15928639694178975,10.490418967197135,64.53910415394252,67.00254292444714,63.69715644998623,52.358490566037744,67.00254292444714,76.5167683320379,61.72822864705252,-0.05997452708671469,57.80779237782126,-37.63975155279502,0.3591573811289248,0.3246400000000001,0.2901226188710754,0.31725248942699846,0.3152804545531213,0.31236733333333333,0.3156606989806004,0.31377666666666676,0.32675,0.31493247311827927,0.31377666666666676,0,0,0,0,0.3436,0.09621212455274364,0.6062150357068118,0.017258690564462373,0.32864285714285735,0.0002978623999998625,0.01465143006815076,4.306710778409982,0.046999999999999986,-261801625.20332015,63667297.25160316,-104733903.99999994,10,1
2019-04-04 00:00:00+00:00,0.33,0.3467,0.325,0.3402,136564618.8,45872437.56,15.431808846401417,127.85451311778262,0.003402356030118903,0.007881051131012413,0.789571514593141,0.12438924592493285,1,20.314647728554608,16.033560017824477,0.0013974358974362389,0.0,92.85714285714286,92.85714285714286,-0.4700460829493082,121.51352048216069,15.222555198050364,52.72323023411285,0.0045948893953230985,0.0012711827312473871,0.003323706664075711,72.58922923972783,10.606427992109875,0.02250344240705633,0.026900000000000035,0.4443085702640442,8.874958759485342,57.61127759902518,59.38711263078762,63.889901789884824,36.01895734597162,59.38711263078762,54.88917875542051,60.484765030392154,-0.0522911641529622,53.82753418048007,-52.941176470588196,0.3602101620002077,0.3284200000000001,0.2966298379997925,0.31896328993838774,0.31623010264646834,0.3136393333333333,0.3159037116870081,0.31428666666666677,0.32675,0.31597913978494596,0.31428666666666677,0,0,0,0,0.332925,0.08838374653948154,0.6754361835268878,0.0158950810001038,0.33254615384615394,0.0002526535999998608,0.015154899348997134,4.592393742120344,0.021699999999999997,-335433239.9480206,30067417.939389765,-241298522.79999995,10,1
2019-04-05 00:00:00+00:00,0.3613,0.38,0.3299,0.33,257562120.0,93326237.51,15.515377536278436,136.0406979867847,0.005016936236720176,0.007633969777085963,0.6941472382222735,-0.018162607658875965,1,23.55355849807078,17.73846339074845,0.003985897435897667,28.571428571428573,100.0,71.42857142857143,0.6247504990019962,177.2109473944334,37.42133927281529,65.65939850178111,0.0074449825831141014,0.00250594270162073,0.0049390398814933715,77.38352786735857,8.456068417623541,0.020896053663695166,0.05830000000000002,1.259841881536845,19.24092409240925,68.71066963640764,54.20662405147785,60.198759868904254,74.24242424242425,54.20662405147785,100.0,67.66935320668449,-0.041510439246028596,55.99696975430304,-21.744186046511615,0.3725354574816441,0.3389000000000001,0.3052645425183561,0.3244148300740015,0.31913783795959944,0.31560849999999996,0.3181796638507004,0.31578666666666677,0.33215,0.31901225806451583,0.31578666666666677,0,0,0,0,0.358125,0.06131739739790635,0.7689268397514738,0.016817728740821984,0.3448604395604395,0.00028283599999986975,0.01765097796692591,4.885407685282566,0.05009999999999998,-270143041.86418825,34362765.071122766,16263597.200000048,10,1
2019-04-06 00:00:00+00:00,0.3526,0.3622,0.3461,0.3613,121745527.5,43250576.1,16.057600763521634,147.42630902058326,0.006273866031836822,0.019677934574736884,0.538383891745499,-0.2151837719448236,1,26.56111849833581,19.515146248099995,0.0064685897435900475,21.42857142857143,92.85714285714286,71.42857142857143,-0.5403726708074524,123.34261264047848,27.433062184157414,65.65939850178111,0.00889910137602029,0.0037845744365006422,0.005114526939519649,70.05085171134982,7.901656068752919,0.019403478402002655,0.04250000000000004,2.0340001128769223,13.705256368913265,63.71653109207871,56.75379386279861,56.782510181688075,60.00000000000003,56.75379386279861,83.28964895741832,70.50940697954519,-0.029046656270637072,55.39464909729699,-31.860465116279038,0.3685219999074018,0.3469200000000001,0.3253180000925984,0.328252796706421,0.32129668712349624,0.31787904166666664,0.31955706785069504,0.31710333333333346,0.33215,0.32138731182795666,0.31710333333333346,0,0,0,0,0.353375,-0.05439502392803724,0.7916704959743955,0.010800999953700837,0.3532571428571427,0.00011666159999984549,0.0175401938264312,4.974530296775723,0.016100000000000003,-293584727.28344285,25537346.712421358,-105481930.29999995,10,1
2019-04-07 00:00:00+00:00,0.3612,0.367,0.3504,0.3526,105935591.0,38085498.85,16.90452306251957,152.06235715136,0.022549170960529625,0.028083078958509314,0.46851033986894214,-0.29341231378947724,1,29.461147700621122,21.426253905265565,0.009360897435897741,14.285714285714286,85.71428571428572,71.42857142857143,0.5180722891566262,116.27666348296718,32.644675887290944,67.16152733033024,0.010622993861903851,0.005152258321581284,0.005470735540322567,73.68730970702552,7.365451308559859,0.018017515659002465,0.05520000000000003,2.9254562573873577,18.039215686274513,66.32233794364546,66.98936265307947,59.316593522452024,66.72566371681418,66.98936265307947,94.98482410343054,74.95948282025162,-0.014613936552487772,56.413596302620824,-21.860465116279045,0.37357957585276486,0.3490600000000001,0.32454042414723533,0.33278673921530666,0.3238710944058513,0.32030617892156865,0.3220435009297697,0.31888333333333346,0.33215,0.32423225806451583,0.31888333333333346,0,0,0,0,0.35995,-0.019636137275816326,0.8171803799030878,0.012259787926382392,0.3620802197802196,0.0001503023999998715,0.017473037124543258,4.83749643536635,0.016600000000000004,-261676416.74127382,29758015.58251357,453660.7000000477,10,1
2019-04-08 00:00:00+00:00,0.3557,0.3701,0.3437,0.3612,122744585.8,43729412.24,17.847149926537405,156.54846685491225,0.030065385518463966,-0.005211224465871174,0.3979731795545613,-0.3672881414900367,1,31.417368476786436,23.07345532073115,0.011530128205128498,7.142857142857143,78.57142857142857,71.42857142857143,-0.20833333333333368,90.0770380591009,26.392877788219167,56.84823856693549,0.011413815680053008,0.006404569793275629,0.005009245886777379,69.66860397925706,9.24103375345239,0.023430550254787987,0.04800000000000004,3.585110242090205,15.599610009749764,63.19643889410958,60.84794851166533,61.530368342514514,55.818181818181834,60.84794851166533,84.49817864914174,76.6937911527771,0.0007925506607442401,55.180390554710726,-28.255813953488353,0.3752952890623674,0.35216000000000014,0.32902471093763286,0.33618600944747273,0.325924572186119,0.3225833946078432,0.32346844034746647,0.32027666666666676,0.33215,0.32660752688172007,0.32027666666666676,0,0,0,0,0.3563,-0.07790594207056033,0.8435353699969388,0.011567644531183651,0.36673076923076897,0.00013381039999982303,0.01811067732993302,5.091559552975265,0.02639999999999998,-272835015.45036453,25228915.478066623,-122290925.09999995,10,1
2019-04-09 00:00:00+00:00,0.3473,0.3557,0.3438,0.3557,66900903.6,23328589.46,19.130821872894288,161.58630265502228,0.015159805389325431,-0.009632468722623555,0.31587586980035437,-0.4475453151641508,1,33.23385919751137,24.109364503203903,0.01358717948717969,0.0,71.42857142857143,71.42857142857143,-0.7058823529411767,57.45689953610722,17.299746244606826,56.84823856693551,0.01123324797996983,0.007370305430614469,0.00386294254935536,68.39926600227933,8.796427037926618,0.02175693952230313,0.03620000000000001,4.206607207357456,11.636129861780775,58.64987312230342,52.42479481905053,60.08736866126515,34.730538922155645,52.42479481905053,66.33052674828336,74.80956126105096,0.01609232412431716,49.01046450829129,-41.132075471698116,0.36626886848446144,0.3556200000000001,0.34497113151553876,0.3381931293511791,0.32730363204507906,0.3243557681888545,0.3242076672981058,0.32142333333333345,0.33365,0.3283509677419351,0.32142333333333345,0,0,0,0,0.348525,-0.09479557657717866,0.8470473465577011,0.0053244342422306655,0.3672296703296701,2.8349599999838437e-05,0.017667057520652094,5.086973083976992,0.011900000000000022,-300382446.3444822,12317472.380113006,-189191828.69999996,10,1
2019-04-10 00:00:00+00:00,0.3534,0.3578,0.3461,0.3473,72386765.3,25591899.43,20.428327890942093,166.37955920852758,0.020520610593393707,0.005864022165981968,0.23548885407548237,-0.5207050866654908,1,34.988210873015454,25.10508531862978,0.0159070512820515,0.0,64.28571428571429,64.28571428571429,0.5213675213675214,61.6477757464958,21.70489630816558,57.79478265456858,0.01145037302429247,0.008186318949350069,0.003264054074942402,68.90493399833628,8.370037585009038,0.02020287241356719,0.044499999999999984,4.9022513018673255,14.405956620265448,60.852448154082786,42.430381660920546,51.90104166387885,36.74242424242422,42.430381660920546,75.8482690843611,74.99841722892553,0.03162984663032109,51.3131620559533,-35.09234828496045,0.36307026023985534,0.3540400000000001,0.3450097397601448,0.34074923270353324,0.328987268687332,0.3258688194014448,0.3254145289292842,0.32287333333333346,0.33365,0.33041397849462334,0.32287333333333346,0,0,0,0,0.35267499999999996,-0.5113777482007463,0.8504610756196266,0.004515130119927629,0.3692593406593408,2.038639999987768e-05,0.017240839126319803,4.87856228814935,0.011699999999999988,-282440427.5949098,11624572.316712916,-116805063.39999996,10,1
2019-04-11 00:00:00+00:00,0.3271,0.3538,0.3191,0.3534,135827177.9,44924751.48,20.798334602599585,173.62239328967868,0.021360927795658912,-0.01601824679106076,0.11108052279285141,-0.6241849958836005,1,33.991508844562325,24.695560455305213,0.01691730769230787,0.0,57.142857142857146,57.142857142857146,-0.757925072046109,-15.38366029302237,-2.4271189317412403,21.034382474671627,0.009391990959026264,0.008427453351285308,0.0009645376077409562,64.85693056265237,17.67944803372909,0.04575981009831241,0.014600000000000002,5.208407341622314,4.6720000000000095,48.786440534129376,29.053079224794576,41.3027519015886,15.686274509803937,29.053079224794576,24.416354724554374,65.80167859176714,0.04492305848200484,48.95212279018331,-70.34574468085108,0.3725293535307658,0.3489400000000001,0.32535064646923434,0.3397547332118742,0.32886550941718157,0.3267001741854636,0.32543554164911315,0.3234333333333334,0.3345,0.3306866666666663,0.3234333333333334,0,0,0,0,0.33177500000000004,0.30441647461380106,0.8425529825916284,0.01179467676538286,0.3616263736263735,0.0001391143999998623,0.018487922045868386,5.6520703289111545,0.03470000000000001,-355638359.2009616,-13005917.067213833,-252632241.29999995,10,1
2019-04-12 00:00:00+00:00,0.3232,0.3282,0.3139,0.3271,69777842.4,22514233.42,20.84760387271482,186.52135874792188,0.013994443009556969,-0.014858190723813567,-0.11357359008231396,-0.7828401637715097,1,32.66752635877564,23.591269630743426,0.017808974358974605,0.0,50.0,50.0,-0.27272727272727415,-71.40419597020711,-5.42193066831861,15.455754043548644,0.007361156110637923,0.008214193903155831,-0.0008530377925179081,61.5460502808007,18.72869843644628,0.04769125223414722,-0.02729999999999999,5.477869266199834,-7.788873038516408,47.2890346658407,22.992247152284794,31.49190267933335,16.5480427046263,22.992247152284794,14.705704583836301,56.511501499416084,0.05587122124890431,46.95175840952368,-77.70177838577294,0.3684547487541275,0.3413400000000001,0.3142252512458727,0.33834475089623145,0.3284999926805892,0.3273365989974937,0.3254165464347996,0.32376333333333346,0.3351,0.3306716129032254,0.32376333333333346,0,0,0,0,0.322125,-0.08255657613941772,0.843188789907659,0.0135573743770637,0.3524824175824176,0.00018380239999986336,0.01818878475687779,5.627718055964662,0.01429999999999998,-334656210.7869757,-15223532.131896198,-322410083.6999999,10,1
2019-04-13 00:00:00+00:00,0.3246,0.3359,0.3194,0.3232,64627852.8,21100814.45,20.841766296863558,200.38993629764678,0.013448738203409688,-0.030210555051216538,-0.34840741329345826,-0.9091629774900472,0,31.851584503305993,22.772591948602194,0.01842884615384649,0.0,42.85714285714286,42.85714285714286,0.08484848484848581,-59.307338416498176,-4.185708128866547,21.244340382200644,0.005797839279443218,0.007730922978413308,-0.0019330836989700905,61.61255817677444,17.507038884878504,0.04428473421742242,-0.015600000000000003,5.661770787791521,-4.5855379188712515,47.907145935566724,18.869297841408375,23.638208072829297,24.373576309794963,18.869297841408375,17.280780027630126,49.378643050000456,0.06486963585372596,46.072153967117046,-76.09890109890107,0.3604117061504242,0.3351200000000001,0.30982829384957594,0.3372226134029531,0.32824838024958347,0.32789969047619044,0.32540808723157144,0.3242066666666668,0.3351,0.3307255913978491,0.3242066666666668,0,0,0,0,0.326125,0.20796594765868964,0.8413114116157238,0.012645853075212083,0.3438252747252752,0.0001599175999998509,0.018068157274243657,5.566283818312895,0.01649999999999996,-358548932.12515754,-22349010.34487903,-257782230.89999992,10,1
2019-04-14 00:00:00+00:00,0.3276,0.33,0.3212,0.3246,35792167.1,11621571.14,20.732432475880202,214.4683378778447,-0.004160029842176925,-0.03776452801373563,-0.5659507315091887,-0.9831540525776455,0,31.093924208941328,21.976589789765566,0.016070512820513083,0.0,35.714285714285715,35.714285714285715,0.34090909090909005,-73.12742740891461,-1.440624937153284,21.244340382200654,0.004746262397117507,0.007133990862154148,-0.0023877284650366416,61.40844742311189,16.874823235783904,0.04112153891617796,-0.0024000000000000132,4.930419528158732,-0.727272727272732,49.27968753142336,24.042969436090278,21.96817147659453,31.20728929384964,24.042969436090278,14.33243005590552,43.006604323801376,0.07239966475958148,45.88784843941318,-72.17630853994491,0.35363293744701285,0.3311800000000001,0.3087270625529873,0.33656266742432783,0.3282065492657394,0.3285790476190476,0.3254303272719923,0.3246366666666668,0.3369,0.33094451612903186,0.3246366666666668,0,0,0,0,0.3266,0.2828633337133586,0.8390804592517894,0.011226468723506374,0.335193406593407,0.00012603359999986685,0.01740614604036911,5.313231392054063,0.00880000000000003,-342279765.2615212,-18055697.39858967,-221990063.79999992,10,1
2019-04-15 00:00:00+00:00,0.3191,0.3318,0.3131,0.3276,58193360.0,18765067.54,20.728632640059207,228.72063511349384,-0.00902229771500476,-0.025663760443433065,-0.7515017848199292,-0.9978923121994275,1,29.722740157525106,22.429842677802956,0.014262179487179727,0.0,28.571428571428573,28.571428571428573,-0.4545454545454551,-108.25017935172546,-8.774694791044265,11.89734748911425,0.0031902262369236656,0.006345237937108052,-0.0031550117001843863,58.71160902932255,18.893116849702857,0.046284286136450956,-0.042200000000000015,4.37495329896144,-11.680044284528101,45.61265260447786,23.440960115219763,22.117742464239523,14.74201474201475,23.440960115219763,0.0,35.187221719473854,0.077895334122835,44.019299287862005,-88.9051094890511,0.3304563181142666,0.32432000000000005,0.3181836818857335,0.33488642888351494,0.32761902995827236,0.3293480952380952,0.3254030723483049,0.32465000000000016,0.3402,0.3305873118279566,0.32465000000000016,0,0,0,0,0.32077500000000003,0.16026220277298892,0.8394597844431039,0.0030681590571332864,0.32414945054945077,9.413599999869016e-06,0.017498564180342745,5.483724280897132,0.018699999999999994,-363129792.6412003,-21292014.686951876,-280183423.79999995,10,1
2019-04-16 00:00:00+00:00,0.3238,0.325,0.3154,0.3191,42637661.0,13648532.39,20.897028321770396,242.9481730873451,-0.019367208547355963,-0.03171449520508951,-0.8905955025008995,-0.9513356485792828,1,28.449497824067183,23.135588833789427,0.013199358974359199,0.0,21.42857142857143,21.42857142857143,0.4895833333333316,-91.34490494745538,-4.159300879150731,11.897347489114235,0.002309682507576072,0.005538126851201656,-0.003228444343625584,53.581559452695146,18.12808775495805,0.04297826569813303,-0.028800000000000048,4.0421589066482015,-8.167895632444711,47.92034956042463,30.959709532422597,26.147879694577597,46.92982456140348,30.959709532422597,9.733130873706154,30.559205202061545,0.08203846931080783,45.71256715167204,-84.00597907324368,0.3291322573038336,0.3236600000000001,0.3181877426961666,0.33394068244401676,0.3273726409287064,0.3302214285714286,0.32539080847281826,0.32493000000000016,0.3402,0.3305324731182791,0.32493000000000016,0,0,0,0,0.322,0.19625518608103387,0.8408564034408632,0.002736128651916755,0.3209120879120878,7.486399999839799e-06,0.016934381024603977,5.229889136690543,0.009599999999999997,-331151546.8912006,-10505428.594740927,-237545762.79999995,10,1
2019-04-17 00:00:00+00:00,0.3344,0.341,0.319,0.3238,98768412.9,32597069.73,20.98283230560411,257.64378633002764,-0.03061803185492264,-0.005547027920037098,-0.9768360972099888,-0.8420404139874643,0,28.211791188622637,24.263219458588623,0.01003461538461553,85.71428571428572,14.285714285714286,-71.42857142857143,0.4818181818181813,-36.42356405494517,5.57207071099428,25.121604927843507,0.002439060696747375,0.0049183136203108,-0.002479252923563425,46.77738899661972,16.481078289682095,0.039908389576837816,-0.026800000000000046,3.0643285843483583,-7.419712070874873,52.78603535549714,46.00530844164113,33.46865936309455,76.34408602150522,46.00530844164113,30.936099653171524,30.62773146589972,0.08590108976282984,48.451998049451916,-68.16143497757851,0.33599871278922894,0.32590000000000013,0.31580128721077133,0.3343944436454798,0.327826018933306,0.3312276190476191,0.3255132779278173,0.3255933333333335,0.3402,0.3311434408602146,0.3255933333333335,0,0,0,0,0.3322,0.132520973062799,0.8403829479067632,0.005049356394614399,0.3197725274725277,2.549599999983332e-05,0.017296210951417982,5.17231188738576,0.02200000000000002,-291644181.731201,7432829.957048893,-138777349.89999995,10,1
2019-04-18 00:00:00+00:00,0.3353,0.3467,0.3312,0.3344,86103398.7,29094770.51,21.014968801580647,273.30043788540854,-0.023173054347774995,0.020942314991492652,-0.9983413766493716,-0.665224648421173,0,28.28229244921435,25.917925473642565,0.007689102564102768,78.57142857142857,7.142857142857143,-71.42857142857143,0.058064516129032975,-7.06745666905066,6.3719113845334014,29.198808836906622,0.0025844246831721596,0.004451535832883072,-0.0018671111497109124,54.77097091267819,15.41822761251532,0.0370577903213494,-0.02040000000000003,2.3416026361819693,-5.735170087152097,53.185955692266695,63.115113051445725,46.693377008503205,66.07142857142853,63.115113051445725,32.7048083865576,31.005381815110244,0.08953883647733196,51.21091564864327,-66.81614349775786,0.34040938155282296,0.3280400000000001,0.31567061844717725,0.3349039497805979,0.32830821126018944,0.33240714285714296,0.32564359730556514,0.3262400000000002,0.3402,0.33176967741935437,0.3262400000000002,0,0,0,0,0.337125,0.17430176916276038,0.8436993075688457,0.00618469077641142,0.31728791208791185,3.825039999982849e-05,0.017167910169173843,5.120164082664433,0.015500000000000014,-332196104.9899108,1192611.9680053592,-52673951.19999994,10,1
2019-04-19 00:00:00+00:00,0.33,0.3354,0.3261,0.3353,55043073.1,18153640.13,20.924258876256445,290.9620434251908,-0.014475755503869257,0.023321069377093204,-0.9338176286362383,-0.4073417476850676,0,27.88770485880889,27.22441167857235,0.004239102564102759,71.42857142857143,0.0,-71.42857142857143,-0.5698924731182781,-36.92370688852908,0.9491116747588562,22.7580661835379,0.0022460696903919275,0.004010442604384843,-0.0017643729139929154,41.43718847929776,16.995164733379895,0.03951080529839587,-0.017299999999999982,1.287623008594596,-4.981284192340906,50.474555837379434,64.2377112135176,57.78604423553488,50.297619047619094,64.2377112135176,22.604463557712688,29.477942131947053,0.09247454314387227,48.651261526135805,-70.35087719298241,0.34096983534024755,0.32852000000000015,0.31607016465975274,0.33468967179986103,0.32841735892082236,0.3335809523809525,0.3256837835955015,0.32664666666666686,0.34015,0.3320122580645157,0.32664666666666686,0,0,0,0,0.330375,0.3266483467866578,0.8396693492571152,0.006224917670123703,0.3186175824175824,3.874959999981831e-05,0.016605916585661424,5.0320959350489165,0.009299999999999975,-341074020.0060395,-4293414.893372059,-107717024.29999995,10,1
2019-04-20 00:00:00+00:00,0.3267,0.3324,0.321,0.33,49257768.9,16167582.15,20.579049126950622,311.03916058925427,-0.008370858934014,0.02158110864799213,-0.7542609999524883,-0.06907464121035282,0,27.074543560663933,28.267845630642526,0.000914743589743805,64.28571428571429,14.285714285714286,-50.0,-0.2894736842105294,-51.257480187611264,-2.3876420840441286,16.503446684779508,0.001692132648294653,0.003546780613166805,-0.0018546479648721519,44.54285549408417,18.38666279803964,0.041788604919939014,-0.0267,0.2770884547125105,-7.5551782682512725,48.80617895797793,50.82376134692424,59.392195203962586,36.102236421725166,50.82376134692424,14.989153890846355,26.843616997201472,0.09449626229456332,50.59002940964358,-76.14035087719297,0.33883872718063496,0.33004000000000017,0.3212412728193654,0.334070559969477,0.3283065615710919,0.3345914285714286,0.3256960033881444,0.3272166666666669,0.34015,0.33201569892473065,0.3272166666666669,0,0,0,0,0.3267,0.3922954698135386,0.8494309095615279,0.004399363590317383,0.3185065934065936,1.9354399999810257e-05,0.01623406540097132,4.969104805929391,0.011399999999999966,-341074020.0060395,-6147388.164538085,-156974793.19999996,10,1
2019-04-21 00:00:00+00:00,0.3196,0.3281,0.3136,0.3267,54290547.1,17363981.31,20.0953672850751,-9.866607984274083,-0.0034662823823448916,0.022638310368701623,-0.17135494878911653,0.5754819725253089,1,25.70578976155694,28.56157911917169,-0.0020320512820510284,57.142857142857146,7.142857142857143,-50.0,-0.48965517241379236,-85.17919794997115,-9.331594367652961,7.911990373166016,0.0006724710609159468,0.002971918702716633,-0.0022994476418006864,36.02710975255165,20.485571106604347,0.04620370456851482,-0.007500000000000007,-0.6143482288552973,-2.292876796086829,45.334202816173516,34.842247895622286,49.96790681868811,18.126888217522666,34.842247895622286,0.0,21.96295936134666,0.09512159182465396,48.162318582117265,-88.59649122807016,0.3406297856497529,0.32920000000000016,0.31777021435024744,0.3326115013958756,0.327744847921344,0.3358400952380953,0.3256486348406205,0.32752333333333356,0.33740000000000003,0.33152430107526826,0.32752333333333356,0,0,0,0,0.320225,0.5396740760330155,0.8461862183148361,0.005714892824876367,0.3187329670329673,3.2659999999823386e-05,0.016110203586616228,5.040739545249133,0.014500000000000013,-350434459.1612119,-9325299.85533923,-211265340.29999995,10,1
2019-04-22 00:00:00+00:00,0.3225,0.3306,0.3162,0.3196,64192692.6,20744572.53,19.605492087886596,7.151986480229198,0.006161352604156718,0.018351005942574782,0.12450180348254332,0.7896411225621076,1,24.60667306255843,28.9202661300349,-0.005083974358974119,50.0,0.0,-50.0,0.2013888888888895,-61.420988642765764,-6.014250408867037,10.31815597557777,9.726644332963552e-05,0.0023969882508392336,-0.002299721807509598,45.21446173972832,19.16765593311951,0.042903439956478044,-0.0006999999999999784,-1.5348203538349456,-0.21658415841583345,46.99287479556648,27.039114053968806,37.568374432171844,26.888217522658653,27.039114053968806,8.792092020114774,19.568256208395407,0.09481814282827905,49.54108046236116,-78.97091722595074,0.3378772329268809,0.32682000000000017,0.31576276707311945,0.33164259997445805,0.327406470636096,0.33604028571428574,0.32562208400603077,0.3278800000000002,0.33625,0.33120021505376285,0.3278800000000002,0,0,0,0,0.32295,1.0896935294115175,0.8445532004919698,0.005528616463440369,0.3201923076923077,3.056559999982389e-05,0.015988046187572214,4.957533701572779,0.014400000000000024,-358458545.7362118,-12330718.56131792,-147072647.69999996,10,1
2019-04-23 00:00:00+00:00,0.3181,0.3265,0.3168,0.3225,53087822.7,17144433.33,19.214482362804034,31.2431603586769,0.010415117075405197,-0.0007046871161688641,0.5186711999918864,0.971313689314727,1,23.58606469920267,29.287137786109064,-0.0062993589743587375,42.85714285714286,7.142857142857143,-35.714285714285715,-0.4536082474226826,-79.44789070922324,-10.45372630556382,10.318155975577756,-0.0007054980455865056,0.0017764909915540857,-0.0024819890371405914,46.13881506076301,18.312997196136642,0.03983890853101533,-0.006500000000000006,-1.8990693072367595,-2.00246457178066,44.77313684721809,21.885769191681224,27.922377047090833,20.64220183486242,21.885769191681224,0.0,16.010391443232606,0.0933638188540975,44.93202071585966,-88.81431767337807,0.3322247950795585,0.32338000000000017,0.31453520492044185,0.3302072029970283,0.3268060531757027,0.33568794486215536,0.32556048001027377,0.3282200000000002,0.33575,0.3305692473118274,0.3282200000000002,0,0,0,0,0.319875,0.5606663402955054,0.8380650067723355,0.00442239753977917,0.320012087912088,1.9557599999844855e-05,0.015538900031317054,4.8849104153778855,0.009699999999999986,-397316642.76404715,-24803173.580682456,-200160470.39999998,10,1
2019-04-24 00:00:00+00:00,0.2996,0.3199,0.2888,0.3181,109999607.0,33049423.2,18.949779356549783,36.18657755652484,0.005553631539697023,-0.014169111277895836,0.5904166081861323,0.9881925149753888,1,23.161063040051953,28.576285942307138,-0.007954487179486935,100.0,0.0,-100.0,-0.5948553054662381,-250.03413901406526,-26.231459844463018,17.636041471092646,-0.0028021881945027305,0.0008607551543427225,-0.003662943348845453,36.97055618172361,27.881476834800274,0.0649932722073714,-0.028000000000000025,-2.400295563834363,-8.54700854700855,36.88427007776849,24.100353853118616,24.34174569958961,24.770642201834825,24.100353853118616,0.0,13.099411180826678,0.08940588514891878,39.402185519273026,-83.38461538461543,0.3359466082706559,0.3173000000000002,0.29865339172934446,0.32659055609795806,0.3250508239385606,0.33401978947368416,0.3254223530790754,0.3281033333333335,0.31745,0.32872279569892415,0.3281033333333335,0,0,0,0,0.301975,2.727974401009854,0.8158699435613894,0.009323304135327866,0.3165813186813187,8.69239999998217e-05,0.016650407171937266,5.55754578502579,0.031100000000000017,-430917808.8894493,-38341987.71207929,-310160077.4,10,1
2019-04-25 00:00:00+00:00,0.2916,0.3058,0.2846,0.2996,85770259.9,25505550.66,18.737310182175268,33.12011443932978,-0.0010607153403168798,-0.018713155115455116,0.5463960195640297,0.978581315501781,1,22.997764794810276,27.832645576792956,-0.009954487179486993,100.0,0.0,-100.0,-0.3773584905660355,-258.38003863082184,-31.825457418890103,20.874887606668516,-0.005051137021209129,-0.0003216232807676478,-0.004729513740441481,39.464039748590594,27.16157953464961,0.06455089562113056,-0.02749999999999997,-3.010616353371739,-8.617988091507357,34.08727129055495,20.21007844701501,22.06540049727168,15.217391304347844,20.21007844701501,0.0,10.717700057040009,0.08275712621377274,40.39397737098844,-88.72785829307567,0.33494330067122574,0.3102800000000002,0.2856166993287747,0.32231421659066367,0.3228927062651051,0.3314495789473684,0.325141513866124,0.3277233333333335,0.31345,0.3263677419354833,0.3277233333333335,0,0,0,0,0.2934,0.6252806717556461,0.8137693930260882,0.012331650335612765,0.3080142857142856,0.0001520695999998184,0.01697537808822746,5.821460249735068,0.021199999999999997,-460047331.1196379,-49663442.59252173,-395930337.29999995,10,1
2019-04-26 00:00:00+00:00,0.3035,0.3049,0.2884,0.2916,69960090.0,20804237.1,18.510885134308637,19.170829027307377,-0.00851047800676904,-0.01654901741193157,0.3283857942485208,0.9000970657241709,1,22.846130709943004,27.3488576066245,-0.01175512820512803,92.85714285714286,42.85714285714286,-50.0,0.7212121212121185,-152.90970228014578,-17.546325670722478,20.874887606668516,-0.005806283400865642,-0.0014185553047872464,-0.004387728096078396,46.73754837300555,25.27201694772675,0.059940117362478375,-0.020299999999999985,-3.557433402394587,-6.269302038295244,41.226837164638766,27.0249966759739,23.778476325369237,41.08695652173908,27.0249966759739,31.16536668213523,14.43545762523914,0.07497139703716016,45.32508429929822,-69.56521739130439,0.3301703786208556,0.3070600000000002,0.28394962137914487,0.3199299726864001,0.32164156392542087,0.32853631578947357,0.3250042566424142,0.3275033333333335,0.31345,0.32480494623655853,0.3275033333333335,0,0,0,0,0.300075,0.8370572422500097,0.8215758538627106,0.011555189310427674,0.3033318681318683,0.00013352239999982196,0.016941422510496927,5.5820173016464345,0.016500000000000015,-401959256.3923653,-31297519.21288675,-325970247.29999995,10,1
2019-04-27 00:00:00+00:00,0.2993,0.305,0.2975,0.3035,32208499.8,9673246.44,18.26548425569045,-16.86477668767759,-0.011297883783348174,-0.00796777435431841,-0.29011392532964736,0.4715540909384424,1,22.69596258539113,26.89494339716623,-0.01289743589743575,85.71428571428572,35.714285714285715,-50.0,-0.5599999999999971,-107.39499968980651,-20.806775721561106,20.743776966216714,-0.00666679656554392,-0.002468203556938581,-0.004198593008605339,44.59773484425828,24.43974560140341,0.05565868040801564,-0.035099999999999965,-3.9091340063571525,-10.496411483253576,39.596612139219445,30.46262668188575,25.89923393495828,35.08353221957039,30.46262668188575,22.261376433041573,15.858351953930491,0.06597925848843555,44.32932010043183,-76.32850241545894,0.31989656716861925,0.30242000000000024,0.28494343283138124,0.31725060846763714,0.32020017270442597,0.3249190058479532,0.32484031678637676,0.3272800000000002,0.31345,0.3229853763440855,0.3272800000000002,0,0,0,0,0.300275,1.18229754930784,0.8278661404155704,0.008738283584309498,0.2983450549450545,7.635759999981284e-05,0.016267035188318575,5.435026791954085,0.007500000000000007,-418707676.28836507,-26268000.59604633,-358178747.09999996,10,1
2019-04-28 00:00:00+00:00,0.2995,0.3028,0.2954,0.2993,26982602.7,8075247.91,17.99202296609738,-25.19697219031775,-0.01076328103569582,-0.010115802890013842,-0.4257314751605188,0.3387876408499332,1,22.692066626233043,26.207403391879076,-0.01296089743589729,78.57142857142857,28.571428571428573,-50.0,0.027027027027023986,-92.64705882352918,-20.56229510436805,22.641419157177914,-0.007249058485841231,-0.0034243745427191114,-0.0038246839431221196,45.16999415898489,24.572910048560626,0.05378306037887166,-0.0358,-3.95186383963469,-10.677005666567252,39.71885244781597,39.460040156451555,32.3158878381038,42.209631728045245,39.460040156451555,22.79007196043429,17.118664682385727,0.05610969442790825,44.70532891901494,-76.00644122383257,0.3064593814186018,0.2987000000000002,0.2909406185813986,0.3148560738767421,0.3188646776912372,0.32148824561403505,0.32466403820722867,0.32700666666666683,0.31345,0.3211931182795693,0.32700666666666683,0,0,0,0,0.2993,1.1305325161175717,0.8363027366154419,0.0038796907093008037,0.2947769230769231,1.5051999999834975e-05,0.015633675532010106,5.219925052424076,0.007400000000000018,-415790638.15863544,-20894321.7027843,-331196144.4,10,1
2019-04-29 00:00:00+00:00,0.2932,0.3016,0.2896,0.2995,39147461.2,11558978.49,17.65283386410016,-22.591547229599826,-0.018121739296781993,-0.014679196255432868,-0.3841591184987382,0.38120676925359515,1,23.055797187380218,25.7526475057237,-0.01458653846153829,71.42857142857143,21.42857142857143,-50.0,-0.5249999999999997,-95.17027659644619,-25.665453772823394,27.784294482293486,-0.00812520034948333,-0.004364539704071955,-0.0037606606454113753,46.35149901113879,25.897608746621625,0.05574141320895223,-0.0368,-4.472182259852306,-11.151515151515145,37.1672731135883,39.28640056115487,36.403022466497454,40.566037735849044,39.28640056115487,9.177418411363968,15.674801724018135,0.04509863638939571,43.794389051610914,-86.15136876006441,0.30620671724817133,0.29742000000000024,0.28863328275182915,0.31190994704380787,0.31720889203373803,0.3186631871345029,0.32431517923005515,0.3264100000000002,0.31345,0.3190120430107521,0.3264100000000002,0,0,0,0,0.2944,0.5804000160571565,0.8477136364579261,0.0043933586240855575,0.28884065934065917,1.9301599999826946e-05,0.015374127279723666,5.243563192265915,0.011999999999999955,-431449622.6386354,-21778918.880742192,-370343605.59999996,10,1
2019-04-30 00:00:00+00:00,0.3087,0.3125,0.2915,0.2932,75988944.5,23166054.7,17.265210181780773,-10.127639659984823,-0.024670567755700215,0.0033507548295656185,-0.17584163302583095,0.571750163104552,1,22.311099471384487,25.26144533000356,-0.01598397435897425,64.28571428571429,14.285714285714286,-50.0,0.7380952380952355,-42.79148936170226,-7.386983062277324,12.630029163440001,-0.007482574170291467,-0.004988146597315857,-0.00249442757297561,48.13559420803796,23.435229823003564,0.051759883694027065,-0.018000000000000016,-4.912971347732331,-5.5096418732782375,46.30650846886134,55.66934486970745,44.80526186243802,84.23236514522812,55.66934486970745,49.68021515399127,21.857604165831432,0.03457330808664949,49.46455489192199,-61.19162640901778,0.31109249237986875,0.3008400000000002,0.2905875076201317,0.3111893097340546,0.31665993125736785,0.31652562091503267,0.32424930664857576,0.32640333333333355,0.31345,0.3178694623655907,0.32640333333333355,0,0,0,0,0.30535,0.17630737356417164,0.8543435175158329,0.005126246189934271,0.2890131868131868,2.6278399999815627e-05,0.015775975331171976,5.110455241714278,0.02100000000000002,-382961439.00530225,-4732839.399233341,-294354661.09999996,10,1
2019-05-01 00:00:00+00:00,0.3015,0.31,0.2999,0.3087,40709168.6,12382167.43,16.918391084158092,2.435518694069458,-0.016294502408907775,0.018917414559111386,0.04249502002712487,0.7365165533563475,1,21.61959444938845,24.9509434493014,-0.0160589743589743,57.142857142857146,7.142857142857143,-50.0,-0.7128712871287115,-37.91560434986233,-13.668691277137576,12.630029163440007,-0.007468179594909918,-0.0054841531968346695,-0.001984026398075249,39.40698735625596,22.335278770534842,0.0480627491444537,-0.018100000000000005,-4.971167545729082,-5.663329161451813,43.16565436143121,58.92115612775347,51.292300519538664,51.965065502183315,58.92115612775347,33.82250936305073,24.03304147441676,0.02395733076341333,49.28460392643243,-72.78582930756848,0.3103979917653785,0.3004400000000002,0.2904820082346219,0.3096492335462932,0.31568187117624735,0.3148312745098039,0.3240728512545537,0.3260366666666669,0.31345,0.316262795698924,0.3260366666666669,0,0,0,0,0.30322499999999997,0.004712074499017343,0.859173536431058,0.004978995882689156,0.28949010989010987,2.4790399999835566e-05,0.015370548521802549,5.098026043715604,0.010099999999999998,-410772653.19738156,-6178207.817983687,-335063829.7,10,1
